showId,date,venue,rarityScore
1621475790,2012-01-12,Howl at the Moon,0.436609
1728834329,2012-03-03,Viva Zapata,0.470133
1621472208,2012-03-08,The Java Barn,0.459517
1621475924,2012-03-10,Viva Zapata,0.460505
1621478182,2012-03-22,The Acoustic,0.431671
1621478337,2012-03-24,Ted's Restaurant & Bar,0.416104
1728834687,2012-04-21,The Acoustic,0.425039
1621486570,2012-06-01,Nantahala Outdoor Center,0.428098
1621479434,2012-06-21,The Whiskey,0.426482
1621486937,2012-07-04,Wilton Fireworks,0.502737
1621487212,2012-07-13,Patchella,0.059730
1621480815,2012-07-14,The Acoustic,0.453201
1621481508,2012-08-04,O'Neill's Irish Pub & Restaurant,0.471227
1621483050,2012-08-10,Jimmy's Seaside Tavern,0.437068
1621484905,2012-09-02,Dead Air 88.1,0.741686
1621483347,2012-10-06,StageOne at FTC,0.532309
1621484557,2013-02-23,Dover Brickhouse,0.391781
1621484025,2013-05-18,The Sink,0.373261
1722624163,2013-07-05,TB House,0.279377
1613690131,2014-11-21,O'Neill's Irish Pub & Restaurant,0.536200
1616038775,2014-11-26,Station House Bar and Grille,0.457456
1613690543,2014-12-20,Factory Underground Studio,0.487994
1616038744,2014-12-23,Station House Bar and Grille,0.393209
1601959537,2015-01-16,Viva Zapata,0.403420
1616038160,2015-02-20,Jimmy's Seaside Tavern,0.419037
1616037808,2015-03-14,Jimmy's Seaside Tavern,0.372714
1616037488,2015-04-18,Tavern On Seven,0.409797
1614304463,2015-05-02,O'Neill's Irish Pub & Restaurant,0.469000
1616037305,2015-06-17,The Acoustic,0.203283
1616037254,2015-08-18,BRYAC Black Rock,0.111680
1743526614,2015-09-19,O'Neill's Irish Pub & Restaurant,0.390892
1743792240,2015-09-26,Stella Blues,0.094685
1698084503,2015-10-01,The Acoustic,0.222837
1616036851,2015-12-19,Factory Underground Studio,0.625760
1705934210,2016-01-19,The Acoustic,0.125619
1708449646,2016-02-20,BRYAC Black Rock,0.390892
1616036774,2016-03-19,The Acoustic,0.223430
1616036749,2016-03-26,Rock n Roll Resort,0.226395
1614304693,2016-04-15,O'Neill's Irish Pub & Restaurant,0.312839
1616036658,2016-04-16,Stella Blues,0.280292
1616036639,2016-04-20,Loft,0.235439
1686327822,2016-06-17,Garcia's at The Capitol Theatre,0.252743
1689369871,2016-07-09,Viva Zapata,0.402007
1689370609,2016-07-14,Stella Blues,0.130797
1616036210,2016-08-06,Backwoods Pondfest,0.125428
1616035556,2016-08-12,Rebirth Arts Festival,0.207205
1692375765,2016-08-18,King Neptune's Pub,0.258732
1724194134,2016-08-25,Radio Bean,0.212267
1616034465,2016-10-01,The Capitol Theatre,0.155454
1648264582,2016-10-09,Night Shift Brewery,0.432686
1616034399,2016-10-23,Vinyl Street Cafe,0.256091
1743794784,2016-10-29,Space Ballroom,0.053466
1614304915,2016-11-23,O'Neill's Irish Pub & Restaurant,0.428087
1616032614,2016-12-16,Garcia's at The Capitol Theatre,0.159646
1615962713,2017-01-13,Space Ballroom,0.181144
1615962491,2017-01-18,Alchemy,0.144778
1615962104,2017-01-28,Garcia's at The Capitol Theatre,0.359787
1615961762,2017-02-08,Nectar's,0.179866
1615961746,2017-02-10,Gypsy Sally's,0.133822
1615961722,2017-02-11,Pacific Standard Tavern,0.258366
1615961628,2017-02-25,Arch Street Tavern,0.134700
1615961468,2017-03-24,The Acoustic,0.163634
1743798013,2017-03-25,The Iron Horse,0.390892
1616029967,2017-04-01,American Beauty,0.125890
1679182964,2017-04-29,Snug Harbor,0.152482
1615961143,2017-05-10,The Warehouse at FTC,0.157410
1669048356,2017-05-20,Carnton Plantation,0.442079
1615873444,2017-07-08,Dunedin Brewery,0.274741
1615960408,2017-07-12,The Charleston Pour House,0.191825
1615875210,2017-07-13,The Evening Muse,0.315075
1615960115,2017-07-14,The Whiskey,0.223444
1615959437,2017-07-15,Sierra Nevada Brewing Co.,0.266306
1615875482,2017-08-19,The Acoustic,0.319568
1615958881,2017-09-01,Pacific Standard Tavern,0.193147
1615958603,2017-09-23,Hometown Get Down,0.139086
1615956261,2017-10-02,Garcia's at The Capitol Theatre,0.241404
1615956067,2017-10-21,Pacific Standard Tavern,0.148283
1615954994,2017-10-24,Brooklyn Bowl,0.115499
1615954376,2017-10-31,Gypsy Sally's,0.184248
1615954304,2017-11-01,The Stanhope House,0.170476
1615953621,2017-11-02,The Abbey Bar at Appalachian Brewing Company,0.143406
1615874908,2017-11-03,The Hollow Bar & Kitchen,0.156465
1698086716,2017-11-03,The Hollow Bar & Kitchen,0.053466
1614305805,2017-11-04,Arch Street Tavern,0.281632
1615872297,2017-11-09,Wall Street Theater,0.198966
1615872051,2017-11-10,Nectar's,0.198670
1615949521,2017-12-07,The Funky Biscuit,0.223455
1615949336,2017-12-08,Guanabanas Restaurant,0.129656
1615871919,2017-12-23,Factory Underground Studio,0.416230
1615871866,2017-12-31,The Acoustic,0.229666
1615871447,2018-01-13,El Club,0.146727
1615871324,2018-01-14,Grog Shop,0.125126
1615871188,2018-01-17,Mr. Smalls Theatre,0.191512
1615869147,2018-01-18,Buffalo Iron Works,0.165058
1615344775,2018-01-19,Westcott Theater,0.140535
1615871039,2018-01-20,Chameleon Club,0.161710
1705934165,2018-01-20,Chameleon Club,0.053466
1615870461,2018-01-23,The Met,0.117723
1615866380,2018-02-02,Octave,0.164786
1615868549,2018-02-08,Globe Hall,0.159643
1615868053,2018-02-09,Old Town Pub & Restaurant,0.163431
1615430866,2018-02-10,The Lazy Dog Sports Bar & Grill,0.199079
1615867879,2018-02-14,Woodlands Tavern,0.147421
1615866914,2018-02-15,Octave,0.273356
1615861481,2018-03-15,Flour City Station,0.255578
1615861349,2018-03-16,River Street Jazz Cafe,0.168400
1615774859,2018-03-30,Putnam Den,0.174106
1666379523,2018-04-04,Pacific Standard Tavern,0.196754
1615774222,2018-04-06,Nectar's,0.240426
1743794540,2018-04-13,Hawks and Reed Performing Arts Center,0.053466
1615773564,2018-04-20,The Abbey Bar at Appalachian Brewing Company,0.197844
1615772927,2018-04-21,Cattivo,0.298306
1615772358,2018-05-03,Jewel Nightclub,0.233208
1615347480,2018-05-04,Wall Street Theater,0.218109
1615771361,2018-05-10,The Warehouse at FTC,0.143505
1615424118,2018-06-01,Octave,0.290163
1615349454,2018-06-02,Octave,0.355398
1615617709,2018-06-10,Disc Jam Music Festival,0.203526
1615608463,2018-06-15,Space Ballroom,0.202081
1615340285,2018-06-21,Pizza in the Park,0.253629
1615617110,2018-06-30,Bleachers,0.171083
1615432626,2018-07-05,BRYAC Black Rock,0.316021
1615602893,2018-07-12,BRYAC Black Rock,0.325934
1615615296,2018-07-22,Jerry Jam,0.234779
1615613879,2018-08-02,Doc Taylor's,0.322761
1615613325,2018-08-03,The Whiskey,0.116085
1615613210,2018-08-04,Sierra Nevada Brewing Co.,0.057294
1615611809,2018-09-01,The Haunt,0.172101
1615611162,2018-09-08,Gumpas Pond,0.094082
1743526490,2018-09-08,Gumpas Pond,0.053466
1615431281,2018-09-20,Resonance Music & Arts Festival,0.127690
1615345471,2018-09-21,Resonance Music & Arts Festival,0.255201
1615602672,2018-09-22,Resonance Music & Arts Festival,0.116213
1615350239,2018-09-29,Soupstock Music and Arts Festival,0.210000
1615609781,2018-10-12,Just Joshin' Music Festival,0.094082
1615427966,2018-10-26,BRYAC Black Rock,0.279239
1615603769,2018-10-27,BRYAC Black Rock,0.284785
1615601742,2018-11-10,Flour City Station,0.124471
1615600342,2018-11-15,123 Pleasant Street,0.176505
1615430308,2018-11-16,Octave,0.297169
1615002805,2018-11-17,Madison Live!,0.187879
1614304965,2018-11-21,O'Neill's Irish Pub & Restaurant,0.361553
1615427110,2018-11-29,Paradise Rock Club,0.154501
1615426517,2018-11-30,Nectar's,0.193160
1615423629,2018-12-01,Jay Peak Resort,0.126245
1615349092,2018-12-08,Nietzsche's,0.157038
1615340173,2018-12-11,The Waiting Room Lounge,0.132128
1615338365,2018-12-12,The Bootleg at Atomic Cowboy,0.140896
1615337213,2018-12-13,HI-FI Indy,0.171129
1615003067,2018-12-14,Madison Live!,0.177103
1615002449,2018-12-15,Woodlands Tavern,0.147615
1615001663,2018-12-22,Cantiki SoNo,0.285859
1614326388,2019-01-25,The Cubby Bear,0.149486
1614325989,2019-01-26,Kenny's Westside Pub,0.173035
1614325540,2019-01-31,The Lazy Dog Sports Bar & Grill,0.227542
1614325187,2019-02-01,The Eldo,0.251639
1614324720,2019-02-02,Bluebird Theater,0.183933
1614324369,2019-02-07,Intrinzik,0.320930
1614323611,2019-02-08,Old Town Pub & Restaurant,0.179605
1614321503,2019-02-14,The Bootleg at Atomic Cowboy,0.057294
1614319723,2019-02-15,Octave,0.281602
1614318775,2019-02-22,Sprout Music Collective,0.192056
1614318387,2019-02-23,Pearl Street Warehouse,0.200011
1614317602,2019-03-01,Viva Zapata,0.341908
1679079917,2019-03-19,Relix,0.139072
1614317158,2019-03-22,The Abbey Bar at Appalachian Brewing Company,0.136052
1614316899,2019-03-28,The Java Barn,0.227441
1614316456,2019-03-29,Flour City Station,0.233415
1614316138,2019-04-04,Higher Ground,0.166251
1614315171,2019-04-11,River Street Jazz Cafe,0.209716
1614315004,2019-04-12,Market Street Park,0.125412
1614314712,2019-04-13,123 Pleasant Street,0.166821
1614314179,2019-04-18,The Mercury Lounge,0.243797
1614313627,2019-04-19,Down the Road Beer Co.,0.242679
1614310757,2019-04-20,The Acoustic,0.330575
1614313575,2019-05-03,B Chord Brewing Company,0.221283
1715020691,2019-05-04,Chi Psi Yard Sale,0.273925
1614313203,2019-05-09,Woodlands Tavern,0.172528
1614312473,2019-05-10,Madison Theater,0.195992
1614312273,2019-05-11,The Rex Theater,0.164234
1614306725,2019-05-18,Marvin's Mountaintop,0.188135
1614306331,2019-05-24,Revival Music Festival,0.171755
1614307340,2019-05-25,Three Sisters Park,0.221254
1614310040,2019-05-26,The Mellwood Tavern,0.255683
1614303358,2019-06-15,Pizza in the Park,0.196721
1614295229,2019-06-22,Kenny's Westside Pub,0.221859
1614300379,2019-06-26,The Fox Theatre,0.141061
1614300553,2019-06-27,Aggie Theatre,0.187542
1614300844,2019-06-28,The Lariat,0.304302
1614302893,2019-06-29,Beanstalk Music & Mountain Festival,0.147863
1613694760,2019-07-11,Doc Taylor's,0.240507
1613694362,2019-07-12,The Camel,0.151436
1613697753,2019-07-13,Paradise Music & Beer Festival,0.318299
1614299494,2019-07-19,Jerry Jam,0.177825
1743796509,2019-07-20,Tribus Beer Co.,0.390892
1613619605,2019-07-25,Orlando's Bar and Lounge,0.226303
1595185299,2019-07-27,Peach Music Festival,0.142269
1613620791,2019-08-08,Otus Supply,0.186592
1614299084,2019-08-09,Cowpie Music Festival,0.201846
1614298417,2019-08-10,The Mousetrap,0.218896
1614297985,2019-08-14,Skully's Music-Diner,0.208570
1613621323,2019-08-16,Birds of a Feather Music & Arts Festival,0.214542
1613621568,2019-08-17,Birds of a Feather Music & Arts Festival,0.231861
1743794389,2019-08-17,Birds of a Feather Music & Arts Festival,0.053466
1613618864,2019-08-22,Night Lights Music Festival,0.175689
1613615869,2019-09-01,Silk Fest,0.296967
1613615034,2019-09-06,Sprout Music Collective,0.231209
1613613861,2019-09-07,Valley Fusion Festival,0.258811
1613613251,2019-09-14,Private Party,0.242555
1608183761,2019-09-18,Coopers Lake,0.195393
1613535674,2019-09-19,Coopers Lake,0.171978
1613534872,2019-09-21,Coopers Lake,0.148787
1601962402,2019-10-05,Barberry Hill Farm,0.365471
1705934508,2019-10-14,Brooklyn Bowl,0.062825
1608535941,2019-10-18,Parish Public House,0.240237
1706117006,2019-10-18,Parish Public House,0.061513
1613528677,2019-10-19,Sonia,0.243955
1613527259,2019-10-25,River Street Jazz Cafe,0.241086
1613526499,2019-10-31,The Mercury Lounge,0.332141
1613511263,2019-11-02,College Street Music Hall,0.170928
1747071803,2019-11-03,Pacific Standard Tavern,0.053466
1613508165,2019-11-07,XL Live,0.319461
1616454806,2019-11-08,9:30 Club,0.164732
1613507639,2019-11-09,Hampden-Sydney College Frat House,0.415204
1613507150,2019-11-10,The Broadberry,0.237312
1613506931,2019-11-14,Roxian Theatre,0.150302
1613450184,2019-11-15,The Summit Music Hall,0.259382
1613444180,2019-11-16,Nietzsche's,0.196908
1613443194,2019-11-27,O'Neill's Irish Pub & Restaurant,0.457333
1613441845,2019-12-05,Aggie Theatre,0.229041
1613439915,2019-12-06,Cervantes' Other Side,0.250779
1613439018,2019-12-07,Old Town Pub & Restaurant,0.262890
1613436194,2019-12-08,Old Town Pub & Restaurant,0.362989
1613435548,2019-12-11,The Bootleg at Atomic Cowboy,0.312575
1613434987,2019-12-12,Lincoln Hall,0.249726
1613434124,2019-12-13,Madison Theater,0.236694
1613433393,2019-12-14,The Mousetrap,0.337036
1613160742,2019-12-21,Wall Street Theater,0.374366
1705934753,2019-12-26,Ridgefield Playhouse,0.055493
1613158995,2020-01-14,Moon Palace,0.195405
1613158668,2020-01-17,Moon Palace,0.158222
1613158190,2020-01-18,Moon Palace,0.189281
1706032178,2020-01-23,The Bell House,0.273661
1597168237,2020-01-24,Bowery Ballroom,0.267288
1613152694,2020-01-25,Music Hall of Williamsburg,0.225162
1613152384,2020-02-05,Marquee Theatre,0.177739
1613147507,2020-02-06,Belly Up Tavern,0.199592
1743796583,2020-02-06,Belly Up Tavern,0.053466
1613103303,2020-02-07,The Troubadour,0.184842
1613147258,2020-02-08,The Troubadour,0.186789
1679080283,2020-02-10,Jam in the Van,0.137598
1613146897,2020-02-12,Fremont Theater,0.242520
1613146701,2020-02-13,The Catalyst,0.183200
1613104091,2020-02-14,Great American Music Hall,0.129136
1613101473,2020-02-15,The Regency Ballroom,0.172846
1743796843,2020-02-15,The Regency Ballroom,0.053466
1602830467,2020-02-16,Crystal Bay Club,0.187412
1602830169,2020-02-19,Session Music Hall,0.241260
1613100294,2020-02-20,Midtown Ballroom,0.158038
1602829277,2020-02-21,Wonder Ballroom,0.172244
1602829578,2020-02-22,Neptune Theatre,0.175146
1602828440,2020-02-29,Rock Legends Cruise,0.157329
1602828850,2020-02-29,Rock Legends Cruise,0.280875
1602828053,2020-03-01,Rock Legends Cruise,0.213987
1743797031,2020-03-01,Rock Legends Cruise,0.053466
1602827443,2020-03-05,Agora Theater,0.204352
1602827131,2020-03-06,The Intersection,0.176057
1709747217,2020-03-06,The Intersection,0.064722
1602826574,2020-03-07,Riviera Theatre,0.197282
1602826142,2020-03-08,Delmar Hall,0.209223
1594067578,2020-03-11,Madison Theater,0.208205
1602824178,2020-03-15,T's House,0.291641
1602823058,2020-03-21,T's House,0.287809
1613099309,2020-03-27,T's House,0.276851
1613098697,2020-04-05,The Solarium,0.498461
1686579427,2020-04-19,The Solarium,0.518096
1613009387,2020-04-26,The Solarium,0.540070
1613008588,2020-05-14,The Solarium,0.386707
1613007388,2020-05-30,The Solarium,0.401797
1599321210,2020-06-19,Goose Community Rec Center,0.385327
1599321218,2020-06-20,Goose Community Rec Center,0.556318
1662587453,2020-06-20,Goose Community Rec Center,0.607379
1599321248,2020-06-26,Goose Community Rec Center,0.534108
1601960752,2020-06-27,Goose Community Rec Center,0.340699
1601959001,2020-06-28,Millstone Farm,0.318713
1601960581,2020-07-18,The Solarium,0.273300
1662587850,2020-09-03,Squam Lawn,0.577156
1599321090,2020-09-11,Yarmouth Drive-In,0.255086
1599321108,2020-09-12,Yarmouth Drive-In,0.299794
1599321126,2020-09-16,South Farms,0.259128
1599321141,2020-09-17,South Farms,0.284740
1613006128,2020-09-19,Wall Street Theater,0.263100
1601953243,2020-10-02,Higher Ground Drive-In at the Essex Junction Exposition Center,0.283049
1601953232,2020-10-03,Drive-In Live,0.275215
1602831065,2020-10-15,Legend Valley,0.399079
1608528597,2020-10-17,Smoky Mountain Event Center,0.216642
1608527452,2020-10-19,Frederick Fairgrounds,0.261520
1605809122,2020-11-06,South Farms,0.428469
1605927892,2020-11-07,South Farms,0.394495
1608529980,2020-12-11,620 Loft & Garden in Rockefeller Center,0.351420
1618127002,2021-04-09,Spirit of the Suwannee Music Park,0.238816
1696903418,2021-04-10,Spirit of the Suwannee Music Park,0.064452
1621489414,2021-05-03,Frederick Fairgrounds,0.283811
1621489520,2021-05-04,Frederick Fairgrounds,0.271777
1621490963,2021-05-06,Riverfront Park,0.274916
1621488565,2021-05-08,The Caverns Above Ground Amphitheater,0.365627
1621488243,2021-05-09,The Caverns Above Ground Amphitheater,0.422309
1624330525,2021-06-11,Northlands Live,0.373431
1624331646,2021-06-12,Westville Music Bowl,0.313221
1624331672,2021-06-13,Westville Music Bowl,0.323473
1624592560,2021-06-15,Silver Lake Twin Drive-In Theatre,0.374343
1625628063,2021-06-16,Silver Lake Twin Drive-In Theatre,0.373110
1624331734,2021-06-18,Legend Valley,0.302493
1624331751,2021-06-19,Legend Valley,0.399025
1626226617,2021-07-02,The Pines Music Park,0.265316
1626226633,2021-07-03,The Pines Music Park,0.349973
1627784422,2021-07-06,Pine Creek Lodge,0.309861
1627787577,2021-07-07,Pine Creek Lodge,0.332652
1627788999,2021-07-09,Sculpture Park at Denver Performing Arts Center,0.361481
1628047692,2021-07-10,Sculpture Park at Denver Performing Arts Center,0.388629
1662588315,2021-07-16,The Black Buzzard,0.728884
1662585952,2021-07-17,Red Rocks Park and Amphitheater,0.053466
1628134819,2021-07-23,FloydFest,0.177634
1647984287,2021-08-20,Oak Ridge Farm,0.637198
1630723826,2021-08-21,Oak Ridge Farm,0.292953
1630726077,2021-08-22,Oak Ridge Farm,0.511984
1630729451,2021-08-22,Oak Ridge Farm,0.507092
1630728677,2021-08-28,Bronx Zoo,0.193456
1631854243,2021-09-03,Snowshoe Mountain Resort,0.244037
1631924908,2021-09-18,Sea.Hear.Now Festival,0.120145
1635306732,2021-10-08,Terminal 5,0.356400
1635910003,2021-10-09,Terminal 5,0.443663
1635919185,2021-10-28,State Theater,0.283662
1635919553,2021-10-29,State Theater,0.282957
1643255453,2021-10-30,The Palladium,0.359374
1643255473,2021-10-31,The Palladium,0.498143
1643255965,2021-11-06,The Eastern,0.400141
1643255989,2021-11-07,The Eastern,0.327786
1643256041,2021-11-09,Republic,0.310799
1643256074,2021-11-10,House of Blues,0.394259
1643256285,2021-11-11,Historic Scoot Inn,0.445314
1643256302,2021-11-12,Historic Scoot Inn,0.352718
1643257560,2021-11-13,The Echo Lounge & Music Hall,0.300174
1643257583,2021-11-16,Tower Theatre,0.352562
1643257605,2021-11-17,The Truman,0.385763
1643341083,2021-11-19,Belly Up,0.325006
1643341465,2021-11-21,The Mission Ballroom,0.334265
1643341486,2021-11-22,The Mission Ballroom,0.326132
1643341894,2021-12-02,Tarrytown Music Hall,0.569160
1643341916,2021-12-03,Center for the Arts of Homer,0.500479
1643341932,2021-12-04,Spruce Peak Performing Arts Center,0.575716
1643341525,2021-12-30,Riviera Theatre,0.354504
1643341538,2021-12-31,Riviera Theatre,0.344461
1643221619,2022-01-26,Marquee Theatre,0.330669
1643342049,2022-01-27,The Observatory North Park,0.335526
1643430972,2022-01-28,The Fonda Theatre,0.390392
1643946135,2022-01-29,The Regency Ballroom,0.458082
1646889854,2022-01-30,The Regency Ballroom,0.488289
1646890151,2022-02-02,Midtown Ballroom,0.399520
1646890846,2022-02-03,Wonder Ballroom,0.370779
1646891581,2022-02-04,Wonder Ballroom,0.292436
1644291579,2022-02-05,Neptune Theatre,0.405685
1644290969,2022-02-07,The ELM,0.420902
1647968786,2022-02-09,First Avenue,0.367397
1647969186,2022-02-10,The Sylvee,0.455020
1647969465,2022-02-11,Old Forester's Paristown Hall,0.287858
1647969788,2022-02-12,Stage AE,0.349319
1647970135,2022-02-26,Mohegan Sun Arena,0.340893
1646272524,2022-03-01,9:30 Club,0.434790
1646892759,2022-03-02,9:30 Club,0.329531
1647971657,2022-03-03,The Fillmore,0.255769
1647971890,2022-03-04,Brooklyn Bowl,0.488375
1647972376,2022-03-05,Brooklyn Bowl,0.317666
1647972561,2022-03-07,The Mill & Mine,0.361375
1647972862,2022-03-09,Royal Oak Music Theatre,0.494381
1647967541,2022-03-10,Agora Theater,0.376847
1647973810,2022-03-11,The Fillmore,0.384222
1647974144,2022-03-12,The Fillmore,0.378016
1662586286,2022-03-22,Dunville's,0.058959
1649637376,2022-04-28,Firefly Distillery,0.289607
1650982465,2022-04-29,Salvage Station,0.326064
1651783457,2022-04-30,Sweetwater 420 Festival,0.392587
1651783541,2022-05-01,Beale Street Music Festival,0.190862
1679079503,2022-05-17,Milkboy,0.573505
1662588534,2022-05-21,Legend Valley,0.628665
1743794244,2022-05-21,Showdown on the Sound,0.451026
1653776640,2022-05-27,Westville Music Bowl,0.314260
1653839586,2022-05-28,Westville Music Bowl,0.327958
1654951966,2022-05-29,Boston Calling,0.346777
1654952260,2022-06-06,Champlain Valley Exposition,0.283507
1654952499,2022-06-08,Artpark,0.318658
1654952852,2022-06-10,Legend Valley,0.494641
1658016134,2022-06-11,Legend Valley,0.344468
1658547159,2022-06-12,TCU Amphitheater at White River State Park,0.303173
1658553316,2022-06-14,Greenfield Lake Amphitheater,0.329410
1658553333,2022-06-15,Red Hat Amphitheater,0.363616
1658553367,2022-06-17,Bonnaroo Music and Arts Festival,0.216604
1658553386,2022-06-24,Radio City Music Hall,0.320058
1658553400,2022-06-25,Radio City Music Hall,0.498611
1667314241,2022-06-25,Studio 1515,0.321968
1724193844,2022-06-26,Bayley Beach,0.176698
1658554962,2022-06-30,High Sierra Music Festival,0.278635
1658556414,2022-07-02,Peach Music Festival,0.363925
1708230613,2022-07-03,Peach Music Festival,0.061513
1662510477,2022-07-05,Mid's Park,0.437339
1662510298,2022-07-06,The Cabot,0.552026
1705934334,2022-07-14,Garcia's at The Capitol Theatre,0.061989
1658556522,2022-07-22,Fort Adams State Park,0.389425
1658556609,2022-07-22,Newport Blues Café,0.303341
1660830109,2022-08-12,Chrysalis,0.317414
1660830198,2022-08-13,Chrysalis,0.342864
1660783551,2022-08-16,Dillon Amphitheatre,0.417146
1660783515,2022-08-17,Dillon Amphitheatre,0.373167
1660875454,2022-08-18,Red Rocks Park and Amphitheater,0.387316
1661051264,2022-08-20,Brooklyn Bowl,0.353123
1661051366,2022-08-21,Greek Theatre,0.339440
1661051448,2022-08-23,South Shore Room at Harrah's Lake Tahoe,0.412725
1661051487,2022-08-25,Pioneer Courthouse Square,0.398054
1661051527,2022-08-26,Thing Festival,0.279287
1661051560,2022-08-27,Sacred Rose Festival,0.274846
1662511018,2022-09-03,All IN Music & Arts Festival,0.176698
1662511148,2022-09-04,All IN Music & Arts Festival,0.061989
1662511335,2022-09-04,All IN Music & Arts Festival,0.060986
1662510747,2022-09-07,Levitt Pavilion,0.492517
1663003376,2022-09-11,Bayley Beach,0.544023
1661654953,2022-09-29,The National,0.291995
1661654980,2022-09-30,The National,0.336460
1661655044,2022-10-01,Pullman Yards,0.314859
1661655058,2022-10-02,Pullman Yards,0.404644
1661655105,2022-10-04,The Pageant,0.410147
1661655131,2022-10-06,Joy Theater,0.393350
1661655168,2022-10-07,Joy Theater,0.351621
1661655203,2022-10-08,Stubb's BBQ,0.382884
1661655429,2022-10-09,Zilker Park,0.289185
1661655503,2022-10-11,Arvest Bank Theater at the Midland,0.335205
1661655538,2022-10-13,JJ's Live,0.300352
1661655592,2022-10-14,The Criterion,0.396111
1661655645,2022-10-15,South Side Ballroom,0.354338
1661655448,2022-10-16,Zilker Park,0.334748
1664119174,2022-10-21,The Capitol Theatre,0.064452
1664119189,2022-10-22,The Capitol Theatre,0.063540
1664119200,2022-10-23,The Capitol Theatre,0.063863
1667313566,2022-11-01,Hollywood Masonic Temple,0.342278
1661655709,2022-11-09,Cross Insurance Arena,0.264280
1667404976,2022-11-09,Cross Insurance Arena,0.120827
1661655754,2022-11-11,Tsongas Center,0.231819
1667404998,2022-11-11,Tsongas Center,0.090733
1661655935,2022-11-12,Mohegan Sun Arena,0.313860
1667405011,2022-11-12,Mohegan Sun Arena,0.092184
1661655965,2022-11-13,Cool Insuring Arena,0.261724
1667405025,2022-11-13,Cool Insuring Arena,0.102982
1661656009,2022-11-15,UPMC Events Center,0.316694
1667405052,2022-11-15,UPMC Events Center,0.064452
1661656167,2022-11-17,EagleBank Arena,0.299269
1667405067,2022-11-17,EagleBank Arena,0.099017
1661656204,2022-11-18,War Memorial Arena,0.279984
1667405098,2022-11-18,War Memorial Arena,0.095866
1661656555,2022-11-19,Santander Arena,0.341737
1667405113,2022-11-19,Santander Arena,0.064452
1670018897,2022-12-07,30 Rockefeller Plaza,0.363825
1666806793,2022-12-10,Vilar Performing Arts Center,0.540422
1666806783,2022-12-12,Old Town Pub & Restaurant,0.346934
1666806766,2022-12-14,Boulder Theatre,0.521960
1661656582,2022-12-16,1STBANK Center,0.447871
1661656607,2022-12-17,1STBANK Center,0.311128
1668170993,2022-12-18,The Fox Theatre,0.364605
1672234228,2022-12-27,The Warfield,0.064166
1675629084,2022-12-28,The Warfield,0.063863
1664301263,2022-12-30,Andrew J Brady Music Center,0.350642
1664301272,2022-12-31,Andrew J Brady Music Center,0.359058
1672769241,2023-01-15,Moon Palace,0.460340
1673925987,2023-01-16,Moon Palace,0.151541
1674010724,2023-01-17,Moon Palace,0.065455
1675291309,2023-02-04,The Mission Ballroom,0.064722
1675291326,2023-02-05,The Mission Ballroom,0.064166
1676166137,2023-02-11,The Capitol Theatre,0.141691
1677934351,2023-03-03,Okeechobee Music Festival,0.253057
1670439691,2023-03-08,The Capitol Theatre,0.404093
1670439704,2023-03-09,The Capitol Theatre,0.418632
1670439739,2023-03-10,The Capitol Theatre,0.451617
1670439778,2023-03-11,The Capitol Theatre,0.403994
1670439789,2023-03-12,The Capitol Theatre,0.389436
1677546043,2023-03-12,Garcia's at The Capitol Theatre,0.428281
1678977148,2023-03-15,The Capitol Theatre,0.063863
1679150326,2023-03-17,The Capitol Theatre,0.064166
1679344950,2023-03-18,The Capitol Theatre,0.064452
1679345179,2023-03-19,The Capitol Theatre,0.064166
1670440316,2023-03-23,Roadrunner,0.410444
1670440350,2023-03-24,The Met,0.440009
1670440360,2023-03-25,The Met,0.355429
1670440377,2023-03-26,Agora Theater,0.284646
1678977364,2023-03-28,Georgia Theatre,0.299942
1678977337,2023-03-30,Ryman Auditorium,0.334781
1670440389,2023-03-31,Ryman Auditorium,0.449747
1680638410,2023-03-31,Marathon Village,0.207362
1680396905,2023-04-01,Ryman Auditorium,0.303213
1680396930,2023-04-02,Avondale Brewing Company,0.328091
1670440423,2023-04-13,The Sylvee,0.317545
1670440441,2023-04-14,The Salt Shed,0.369665
1670440457,2023-04-15,The Salt Shed,0.352755
1670440474,2023-04-16,Palace Theatre,0.339364
1670440487,2023-04-18,The ELM,0.375084
1670440497,2023-04-19,The ELM,0.386127
1670440512,2023-04-21,Knitting Factory,0.348514
1670440530,2023-04-22,Paramount Theatre,0.386674
1670440544,2023-04-23,Paramount Theatre,0.357308
1670440689,2023-04-25,McDonald Theatre,0.332981
1670440707,2023-04-27,The Warfield,0.446763
1670440719,2023-04-28,The Warfield,0.456649
1670440734,2023-04-29,Cal Coast Credit Union Amphitheater,0.358404
1678977645,2023-05-02,Faubourg Brewery,0.293742
1678977663,2023-05-03,Faubourg Brewery,0.359857
1683211617,2023-05-03,Tipitina’s,0.102659
1683389653,2023-05-04,Hi-Ho Lounge,0.064722
1683405886,2023-05-05,Meadow Pond Elementary School,0.183197
1684521220,2023-05-26,Three Sisters Park,0.351699
1685287858,2023-05-27,Three Sisters Park,0.076699
1678977723,2023-06-02,Cathead Distillery,0.308800
1678977739,2023-06-03,Riverbend Music Festival,0.332141
1678977750,2023-06-04,Railbird Music Festival,0.284771
1685715977,2023-06-09,Gerald R. Ford Amphitheater,0.350134
1685716003,2023-06-10,Chautauqua Auditorium,0.535208
1685716013,2023-06-11,Chautauqua Auditorium,0.594633
1687094159,2023-06-17,Northlands Live,0.541103
1687223751,2023-06-17,Northlands Live,0.063540
1743525765,2023-06-17,Northlands Live,0.053466
1686586195,2023-06-21,Riviera Theatre,0.272379
1678977768,2023-06-22,Louisville Palace Theatre,0.362035
1678977782,2023-06-23,Louisville Palace Theatre,0.402598
1678977794,2023-06-25,Electric Forest Festival,0.280191
1687879347,2023-06-25,Electric Forest Festival,0.062425
1687806607,2023-06-26,WCBE Studios,0.281362
1678977807,2023-06-27,Kemba Live! Outdoors,0.316771
1680623883,2023-06-29,Peach Music Festival,0.414602
1680623957,2023-06-30,Nelson Ledges Quarry Park,0.328673
1680623971,2023-07-01,Nelson Ledges Quarry Park,0.373027
1688221357,2023-07-01,Nelson Ledges Quarry Park,0.714692
1678977844,2023-07-03,Stone Pony Summer Stage,0.287518
1678977854,2023-07-04,Stone Pony Summer Stage,0.354456
1680624000,2023-07-06,Thompson’s Point,0.380900
1678977867,2023-07-07,Saratoga Performing Arts Center,0.430223
1680624030,2023-07-08,Levitate Music and Arts Festival,0.170253
1690830703,2023-07-28,Fort Adams State Park,0.053466
1680624072,2023-07-29,Fort Adams State Park,0.334104
1685716714,2023-08-10,The Sinclair,0.666412
1691773355,2023-08-24,VBC Mars Music Hall,0.090733
1691773367,2023-08-25,Salvage Station,0.063195
1694018918,2023-08-25,RiverWonderGrass,0.483467
1691773376,2023-08-26,Salvage Station,0.063863
1694019166,2023-08-26,RiverWonderGrass,0.387703
1691773831,2023-08-27,The Signal,0.064452
1694020111,2023-08-27,RiverWonderGrass,0.281244
1691773474,2023-09-07,The Mishawaka,0.063195
1691773494,2023-09-08,The Mishawaka,0.063863
1689710328,2023-09-13,Leader Bank Pavilion,0.394786
1690124854,2023-09-14,Leader Bank Pavilion,0.420585
1686586810,2023-09-15,Knox Farm State Park,0.292347
1694872290,2023-09-15,Knox Farm State Park,0.061513
1680624164,2023-09-16,Masonic Temple,0.384700
1680624194,2023-09-17,Miller High Life Theatre,0.416677
1680624215,2023-09-20,Red Butte Garden Amphitheatre,0.312234
1680624228,2023-09-22,Kettlehouse Amphitheater,0.413935
1680624243,2023-09-23,Spokane Pavilion,0.451317
1695143588,2023-09-24,Cascade Equinox Festival,0.294497
1680624255,2023-09-25,Fox Theater,0.244674
1680624271,2023-09-26,Fox Theater,0.311853
1689710282,2023-09-28,The Wiltern,0.389953
1680624285,2023-09-29,Santa Barbara Bowl,0.353430
1695143625,2023-09-30,Ohana Festival,0.284272
1680625321,2023-10-01,Brooklyn Bowl,0.353536
1685655901,2023-10-03,Pepsi Amphitheater,0.313409
1685655916,2023-10-05,Red Rocks Park and Amphitheater,0.471115
1685655928,2023-10-06,Red Rocks Park and Amphitheater,0.405235
1694018355,2023-10-07,West Lawn at Lory Student Center,0.330379
1696902342,2023-10-08,Hal & Mal’s,0.062425
1696902156,2023-10-09,Brick Yard,0.061989
1696903084,2023-10-13,From the Earth Brewing Company,0.062425
1696903125,2023-10-17,Salvage Station,0.061989
1695777245,2023-10-27,Spirit of the Suwannee Music Park,0.328331
1698450079,2023-10-27,Spirit of the Suwannee Music Park,0.206760
1689710455,2023-11-03,Trabendo,0.297429
1689710478,2023-11-04,Luxor,0.358442
1689710490,2023-11-07,Melkweg,0.407491
1689710506,2023-11-09,Hotel Cecil,0.282552
1699616462,2023-11-10,Rolling Stone Beach,0.251585
1689710521,2023-11-11,Gretchen,0.303042
1689710564,2023-11-13,AB Club,0.375301
1689710577,2023-11-15,BAaD,0.363513
1689710600,2023-11-16,Academy 2,0.291090
1689710616,2023-11-18,Thekla,0.364455
1685665456,2023-11-19,Electric Ballroom,0.353590
1685665473,2023-11-20,Electric Ballroom,0.419527
1701612184,2023-12-02,Beacon Theatre,0.055493
1689710643,2023-12-08,Hampton Coliseum,0.389820
1689710651,2023-12-09,Hampton Coliseum,0.448353
1704684823,2024-01-07,Moon Palace,0.055493
1704806976,2024-01-08,Moon Palace,0.133377
1704211608,2024-01-12,Moon Palace,0.415231
1705115223,2024-01-12,Moon Palace,0.063863
1704211705,2024-01-15,Moon Palace,0.114449
1697571770,2024-02-08,The Capitol Theatre,0.502826
1697571784,2024-02-09,The Capitol Theatre,0.481094
1697571795,2024-02-10,The Capitol Theatre,0.508866
1706901498,2024-03-08,The Virginian Lodge,0.791681
1710264780,2024-04-07,The Capitol Theatre,0.383932
1710264790,2024-04-08,The Capitol Theatre,0.378068
1710264813,2024-04-09,The Capitol Theatre,0.468421
1710264829,2024-04-10,The Capitol Theatre,0.473032
1713972776,2024-04-24,Clune Auditorium at Wilton High School,0.277362
1714142474,2024-04-24,Clune Auditorium at Wilton High School,0.446118
1714590790,2024-04-26,Meadow Pond Elementary School,0.356944
1714675638,2024-04-30,Nectar's,0.063540
1715813149,2024-05-11,Regions Tower,0.214936
1714405608,2024-05-18,Dawn Ranch,0.181735
1703179711,2024-05-25,Three Sisters Park,0.326006
1716137122,2024-05-25,Three Sisters Park,0.367585
1716743340,2024-05-25,Three Sisters Park,0.147782
1703179698,2024-05-26,Three Sisters Park,0.290555
1707240265,2024-06-04,The Factory,0.290072
1707240279,2024-06-05,The Factory,0.419135
1707240294,2024-06-07,Fiddler’s Green Amphitheatre,0.473013
1707240309,2024-06-08,Fiddler’s Green Amphitheatre,0.428017
1707240478,2024-06-10,Steelhouse,0.349123
1707240531,2024-06-11,The Midland Theatre,0.335258
1707240597,2024-06-12,Everwise Amphitheater at White River State Park,0.362440
1701282961,2024-06-14,Northlands Live,0.334604
1707240660,2024-06-15,Constellation Brands-Marvin Sands Performing Arts Center,0.322514
1707240691,2024-06-16,Jacobs Pavilion at Nautica,0.296235
1707240752,2024-06-18,Red Hat Amphitheater,0.374162
1707240781,2024-06-20,Fox Theatre,0.437832
1707240794,2024-06-21,Fox Theatre,0.471898
1707240816,2024-06-22,Fox Theatre,0.350131
1707240952,2024-06-23,Skyla Credit Union Amphitheatre,0.322727
1707240973,2024-06-25,Thompson’s Point,0.296906
1707241190,2024-06-26,Thompson’s Point,0.413608
1719848409,2024-06-26,Portland House of Music,0.062825
1707241262,2024-06-28,Mann Center for the Performing Arts,0.366745
1707241278,2024-06-29,Forest Hills Stadium,0.419052
1707241290,2024-06-30,Westville Music Bowl,0.410702
1708100917,2024-07-05,Levitate Music and Arts Festival,0.420488
1720266425,2024-07-05,Levitate Music and Arts Festival,0.053466
1722624457,2024-08-01,Avondale Brewing Company,0.064979
1723927643,2024-08-17,The Woodlands,0.058047
1712074920,2024-09-01,PNC Bank Arts Center,0.346063
1719245701,2024-09-02,MGM Music Hall at Fenway,0.277477
1719248198,2024-09-03,MGM Music Hall at Fenway,0.450033
1719248225,2024-09-04,MGM Music Hall at Fenway,0.340955
1712074940,2024-09-06,Saratoga Performing Arts Center,0.401939
1712074979,2024-09-07,Saratoga Performing Arts Center,0.429859
1712075003,2024-09-09,Ting Pavilion,0.344961
1719248320,2024-09-11,The Salt Shed,0.305282
1719248336,2024-09-12,The Salt Shed,0.308758
1719248398,2024-09-13,The Salt Shed,0.506573
1712075027,2024-09-14,The Armory,0.427814
1712075175,2024-09-15,Vibrant Music Hall,0.360438
1712075204,2024-09-17,The Great Saltair,0.365370
1712075232,2024-09-19,Kettlehouse Amphitheater,0.378123
1712075248,2024-09-20,Kettlehouse Amphitheater,0.371284
1712075274,2024-09-21,Remlinger Farms,0.410139
1712075391,2024-09-22,Edgefield Concerts on the Lawn,0.322346
1712075420,2024-09-24,Cuthbert Amphitheater,0.435171
1712075435,2024-09-26,Cal Coast Credit Union Amphitheater,0.396292
1712075463,2024-09-27,Greek Theatre,0.392331
1712075724,2024-09-28,Frost Amphitheater,0.445551
1727545020,2024-10-01,The Troubadour,0.454190
1716390709,2024-10-04,Memphis Botanical Gardens,0.405092
1728083865,2024-10-04,Memphis Botanical Gardens,0.053466
1719248440,2024-10-24,Ascend Amphitheater,0.267686
1728409724,2024-10-25,Lawrence Joel Veterans Memorial Coliseum,0.378598
1728407482,2024-10-26,Avondale Brewing Company,0.357153
1719248538,2024-10-29,The Fillmore Miami Beach,0.370279
1719248561,2024-10-30,The Fillmore Miami Beach,0.286404
1719248592,2024-10-31,The St. Pete Pier,0.358736
1719248634,2024-11-01,The St. Augustine Amphitheatre,0.406219
1719248650,2024-11-02,The St. Augustine Amphitheatre,0.392650
1730823679,2024-11-04,The Revelry,0.362956
1719248761,2024-11-07,Petersen Events Center,0.481253
1719248817,2024-11-08,Andrew J Brady Music Center,0.390956
1719248797,2024-11-09,Andrew J Brady Music Center,0.408220
1719248831,2024-11-10,Andrew J Brady Music Center,0.509777
1719248901,2024-11-12,The Anthem,0.459205
1719248917,2024-11-13,The Anthem,0.382456
1730168333,2024-11-24,Madison Square Garden,0.281309
1732537658,2024-11-24,Madison Square Garden,0.053466
1733776048,2024-12-03,Essex,0.064452
1733426756,2024-12-04,Zenbarn,0.108146
1733673479,2024-12-07,Higher Ground,0.053466
1733756006,2024-12-08,John F. Kennedy Center for the Performing Arts,0.058047
1719248965,2024-12-13,North Charleston Coliseum & Performing Arts Center,0.495871
1719248984,2024-12-14,North Charleston Coliseum & Performing Arts Center,0.457802
1721059697,2024-12-30,Moody Center,0.408421
1721059705,2024-12-31,Moody Center,0.408554
1736045206,2025-01-04,Moon Palace,0.055493
1736167589,2025-01-05,Moon Palace,0.053466
1726848338,2025-01-10,Moon Palace,0.064166
1726848350,2025-01-12,Moon Palace,0.064452
1731950152,2025-02-06,Miller High Life Theatre,0.405868
1731950167,2025-02-07,Miller High Life Theatre,0.370731
1731950848,2025-02-08,Miller High Life Theatre,0.411602
1732138914,2025-02-10,HISTORY,0.362980
1731950869,2025-02-11,HISTORY,0.344647
1731951149,2025-02-13,GLC Live at 20 Monroe,0.363446
1731951172,2025-02-14,GLC Live at 20 Monroe,0.363545
1731951387,2025-02-15,GLC Live at 20 Monroe,0.452018
1738689164,2025-02-27,Old Town Pub & Restaurant,0.822042
1741108426,2025-03-11,The Shed,0.814906
1741830041,2025-03-12,Brooklyn Bowl,0.064166
1737495871,2025-03-14,The Capitol Theatre,0.064722
1737495872,2025-03-15,The Capitol Theatre,0.064722
1737015351,2025-04-24,Fair Grounds Race Course,0.400230
1745541557,2025-04-24,Joy Theater,0.062425
1745685585,2025-04-25,Preservation Hall,0.097548
1727890080,2025-05-08,El Ganzo Oasis,0.476615
1746779843,2025-05-08,El Ganzo Oasis,0.059730
1727890094,2025-05-09,El Ganzo Oasis,0.454835
1746840885,2025-05-09,El Ganzo Oasis,0.056931
1746843882,2025-05-09,El Ganzo Oasis,0.053466
1746866178,2025-05-09,El Ganzo Oasis,0.055493
1727890109,2025-05-10,El Ganzo Oasis,0.402109
1743623827,2025-05-10,El Ganzo Oasis,0.464756
1746952317,2025-05-10,El Ganzo Oasis,0.055493
1736785860,2025-05-25,Napa Valley Expo,0.453440
1748090458,2025-05-25,Napa Valley Expo,0.344654
1740507757,2025-05-27,The Masonic,0.444710
1740507768,2025-05-28,The Masonic,0.363450
1737998824,2025-05-30,Hayden Homes Amphitheater,0.521166
1738001411,2025-05-31,Spokane Pavilion,0.467131
1738001727,2025-06-01,Idaho Botanical Garden: Outlaw Field,0.327908
1738001750,2025-06-03,Brooklyn Bowl,0.429649
1738001942,2025-06-04,Arizona Financial Theatre,0.328088
1736789025,2025-06-06,Fiddler’s Green Amphitheatre,0.394597
1736789092,2025-06-07,Fiddler’s Green Amphitheatre,0.496339
1738001961,2025-06-10,The Factory,0.354687
1738001976,2025-06-11,The Factory,0.444263
1738002251,2025-06-12,Everwise Amphitheater at White River State Park,0.465554
1736352597,2025-06-15,Merriweather Post Pavilion,0.517784
1750019466,2025-06-15,Merriweather Post Pavilion,0.053466
1738002457,2025-06-17,Live Oak Bank Pavilion,0.318375
1738002473,2025-06-19,Jacobs Pavilion at Nautica,0.449291
1738002485,2025-06-20,Jacobs Pavilion at Nautica,0.418943
1738002506,2025-06-21,Constellation Brands-Marvin Sands Performing Arts Center,0.472391
1737731867,2025-06-22,Belleayre Mountain,0.285273
1749749082,2025-06-23,Racket,0.494710
1738002676,2025-06-27,Bank of New Hampshire Pavilion,0.400621
1736789107,2025-06-28,Madison Square Garden,0.396492
1738002691,2025-06-29,Westville Music Bowl,0.406879
1753050000,2025-07-20,Bayley Beach,0.053466
1753113486,2025-07-20,Bayley Beach,0.684200
1745515491,2025-07-25,Fort Adams State Park,0.432768
1753658712,2025-07-27,Fort Adams State Park,0.055493
1754133356,2025-08-01,Pier 48,0.064979
1755099318,2025-08-13,30 Rockefeller Plaza,0.348490
1754580823,2025-08-15,World Cafe Live,0.480397
1744816419,2025-08-16,Park City Song Summit,0.367554
1755387337,2025-08-16,Park City Song Summit,0.056931
1745887842,2025-08-28,Hancher Green,0.252051
1743092094,2025-08-31,The Gorge Amphitheatre,0.352437
1756698321,2025-08-31,The Gorge Amphitheatre,0.053466
1739970619,2025-09-12,Harvest Music Festival,0.346972
1750092069,2025-09-14,Waterfront Park,0.360675
1739466724,2025-09-17,Kohl Center,0.366311
1758166860,2025-09-17,Kohl Center,0.056931
1745888102,2025-09-19,Michigan Lottery Amphitheatre at Freedom Hill,0.347199
1745888259,2025-09-20,Huntingon Bank Pavilion at Northerly Island,0.430993
1745888333,2025-09-23,Louisville Palace Theatre,0.434916
1745888334,2025-09-24,Louisville Palace Theatre,0.413953
1745888390,2025-09-26,Ameris Bank Amphitheatre,0.411506
1745888429,2025-09-27,PNC Music Pavilion,0.367372
1759102128,2025-09-28,The Revelry,0.473676
1745888335,2025-09-30,Kemba Live! Outdoors,0.348674
1750092168,2025-10-02,Allianz Amphitheater at Riverfront,0.491085
1750092201,2025-10-03,Allianz Amphitheater at Riverfront,0.343458
1750092202,2025-10-04,Mann Center for the Performing Arts,0.444080
1747331275,2025-10-05,RISE Festival,0.284632
1757005772,2025-10-10,Foam Brewers,0.063863
1760716182,2025-10-11,Stowe Cider,0.064166
